{
  "type": "minecraft:block",
  "pools": [
    {
      "rolls": 1,
      "entries": [
        {
          "type": "minecraft:item",
          "name": "meteorsforge:meteorite_chip",
          "functions": [
            {
              "function": "minecraft:apply_bonus",
              "enchantment": "minecraft:fortune",
              "formula": "minecraft:uniform_bonus_count",
              "parameters": { "bonusMultiplier": 1 }
            },
            { "function": "minecraft:explosion_decay" }
          ]
        }
      ]
    }
  ]
}